Fill,Run,Bx
6919,319575 - 319579,2544
7056,321297 - 321313,2544
6912,319506 - 319530,2544
6675,316196 - 316202,2544
6909,319439 - 319472,2544
7061,321409 - 321415,2544
6677,316209 - 316219,2544
6714,316766 - 316766,2544
7321,324973 - 324980,2544
6681,316234 - 316241,2544
6774,317653 - 317663,2544
6674,316183 - 316187,2544
7320,324964 - 324970,2544
7270,324291 - 324293,2544
7105,321971 - 321975,2544
7065,321451 - 321461,2544
7314,324832 - 324847,2544
6770,317620 - 317626,2544
6772,317634 - 317641,2544
6953,319986 - 319993,2544
6749,317288 - 317297,2544
7221,323515 - 323526,2544
7108,321984 - 321990,2544
7124,322192 - 322222,2544
6751,317315 - 317320,2544
6662,316048 - 316062,2544
7091,321822 - 321837,2544
7309,324737 - 324772,2544
7097,321906 - 321909,2544
7333,325087 - 325117,2544
7080,321724 - 321735,2544
7031,320907 - 320920,2544
6757,317388 - 317392,2544
7069,321475 - 321475,2544
6648,315777 - 315790,2544
7087,321772 - 321781,2544
7052,321218 - 321221,2544
6700,316562 - 316569,2544
7058,321375 - 321397,2544
7123,322152 - 322179,2544
6729,316943 - 316944,2544
6759,317428 - 317438,2544
7127,322302 - 322324,2544
7090,321813 - 321820,2544
7137,322422 - 322431,2544
6931,319752 - 319756,2544
6638,315623 - 315648,2162
7264,324194 - 324209,2544
7042,321085 - 321126,2544
7110,322016 - 322022,2544
6666,316101 - 316114,2544
6773,317642 - 317650,2544
6738,317083 - 317089,2544
7039,321050 - 321055,2544
7252,323940 - 323954,2544
6639,315652 - 315690,2306
7045,321146 - 321149,2544
7063,321427 - 321436,2544
6712,316740 - 316758,2544
6711,316704 - 316723,2544
7328,325020 - 325022,2544
7018,320810 - 320824,2541
6763,317520 - 317527,2544
7310,324775 - 324791,2544
7125,322233 - 322252,2544
6942,319896 - 319915,2544
7083,321753 - 321760,2544
7218,323477 - 323495,2544
7037,320998 - 321012,2544
7266,324239 - 324245,2544
7131,322343 - 322348,2544
7234,323688 - 323702,2544
7024,320853 - 320859,2544
7334,325139 - 325175,2544
7017,320799 - 320809,2546
7259,324076 - 324078,2544
7315,324852 - 324878,2544
7139,322477 - 322492,2544
6709,316657 - 316667,2544
6956,320000 - 320012,2544
7145,322619 - 322633,2544
6761,317464 - 317488,2544
6741,317172 - 317182,2544
6923,319636 - 319645,2544
6696,316499 - 316505,2544
6960,320035 - 320040,2544
7236,323718 - 323727,2544
7256,324020 - 324022,2544
6961,320041 - 320065,2544
6694,316458 - 316472,2162
6860,318865 - 318877,2448
7040,321058 - 321069,2544
7324,324993 - 325001,2544
6629,315492 - 315512,1874
7144,322550 - 322617,2544
7055,321263 - 321296,2544
6719,316869 - 316879,2544
6710,316668 - 316702,2544
6641,315706 - 315713,2448
6654,315839 - 315840,2544
7033,320933 - 320941,2544
6762,317489 - 317513,2544
6628,315487 - 315490,1538
7118,322071 - 322088,2544
7217,323467 - 323476,2544
6693,316445 - 316457,1874
7047,321155 - 321169,2544
7240,323758 - 323778,2544
7128,322326 - 322333,2544
7122,322110 - 322118,2544
6640,315693 - 315705,2448
6940,319842 - 319854,2544
6650,315796 - 315802,2544
7239,323754 - 323755,2544
7242,323786 - 323794,2544
6659,315962 - 315974,2544
6957,320014 - 320026,2544
7253,323955 - 323997,2544
7120,322101 - 322109,2544
7095,321887 - 321892,2544
7053,321222 - 321246,2544
7043,321127 - 321140,2544
7020,320838 - 320841,2544
7132,322349 - 322356,2544
7098,321911 - 321919,2544
6733,316991 - 316995,2544
6624,315419 - 315420,1214
7245,323841 - 323857,2544
6904,319344 - 319351,2448
6672,316145 - 316153,2544
6621,315358 - 315366,1214
7117,322067 - 322068,2544
7274,324414 - 324420,2544
6901,319337 - 319337,974
6778,317688 - 317697,2544
6752,317322 - 317340,2544
6924,319647 - 319659,2544
6642,315714 - 315721,2448
7048,321171 - 321181,2544
6690,316371 - 316380,1214
6702,316588 - 316590,2544
7133,322357 - 322381,2544
6617,315274 - 315322,974
7135,322406 - 322407,2544
7271,324295 - 324332,2544
6744,317209 - 317215,2544
6731,316979 - 316985,2544
6616,315260 - 315273,974
6620,315353 - 315357,1214
7006,320676 - 320688,2400
7092,321839 - 321881,2544
7101,321952 - 321961,2544
7026,320875 - 320888,2544
6663,316064 - 316082,2544
7331,325055 - 325057,2544
6646,315765 - 315770,2544
6911,319482 - 319503,2544
6776,317682 - 317683,2544
7013,320746 - 320757,2544
6636,315547 - 315557,1874
6645,315753 - 315764,2544
7078,321709 - 321712,2544
6768,317589 - 317595,2544
6944,319934 - 319942,2544
7099,321928 - 321937,2544
7005,320666 - 320675,612
6929,319693 - 319698,974
6618,315331 - 315339,974
6925,319661 - 319678,2544
6688,316353 - 316363,974
6706,316610 - 316615,974
7213,323400 - 323423,1214
7265,324211 - 324237,2544
7036,320983 - 320996,974
6939,319835 - 319841,974
6921,319620 - 319625,2544
6854,318806 - 318821,1214
7008,320705 - 320712,2544
7088,321782 - 321796,2544
6747,317265 - 317279,974
6946,319948 - 319950,2544
6615,315193 - 315259,590
7212,323381 - 323399,590
7317,324895 - 324897,2544
6755,317375 - 317383,2544
6724,316917 - 316928,2544
6850,318706 - 318735,590
7035,320971 - 320980,2544
6633,315542 - 315543,1874
7308,324717 - 324729,590
6683,316271 - 316271,2544
6643,315732 - 315741,2544
6927,319682 - 319687,2544
6874,319075 - 319078,2448
7112,322037 - 322040,2544
6858,318827 - 318828,1214
6847,318649 - 318675,140
7114,322054 - 322058,2544
7109,322010 - 322014,2544
6737,317064 - 317080,2544
7054,321249 - 321262,2544
7142,322505 - 322512,2544
7211,323359 - 323380,62
6890,319250 - 319274,1450
6892,319303 - 319311,1450
6891,319276 - 319302,1450
6882,319162 - 319177,732
6699,316553 - 316559,10
6881,319150 - 319160,732
6868,318976 - 319021,124
7220,323513 - 323514,9
6885,319212 - 319225,732
6864,318916 - 318954,58
7003,320563 - 320660,2
7304,324611 - 324612,62
6884,319184 - 319207,300
6879,319117 - 319125,300
6843,318622 - 318632,2
6913,319532 - 319559,9
6998,320489 - 320500,1
6877,319085 - 319104,84
7299,324564 - 324564,150
7300,324565 - 324572,150
6692,316430 - 316442,1538
6966,320137 - 320137,12
6819,317958 - 318257,10
6740,317160 - 317170,2544
