start time (epoch),half hour end (epoch)
1509935699,1509937499
1509714886,1509716686
1509817117,1509818917
1510237057,1510238857
1507705392,1507707192
1507981427,1507983227
1506662806,1506664606
1508867149,1508868949
1508938018,1508939818
1509276115,1509277915
1508564535,1508566335
1509639392,1509641192
1508108748,1508110548
1508228237,1508230037
1508444805,1508446605
1502119950,1502121750
1497965301,1497967101
1508371058,1508372858
1501364491,1501366291
1498368935,1498370735
1508696090,1508697890
1507578726,1507580526
1501440493,1501442293
1507924159,1507925959
1501934388,1501936188
1500554479,1500556279
1501538811,1501540611
1508802103,1508803903
1509171362,1509173162
1502253988,1502255788
1508501418,1508503218
1507637237,1507639037
1509576156,1509577956
1506601663,1506603463
1508631002,1508632802
1507229530,1507231330
1507108752,1507110552
1501848912,1501850712
1508174326,1508176126
1506809444,1506811244
1506366492,1506368292
1500656619,1500658419
1507425857,1507427657
1507164351,1507166151
1506304039,1506305839
1508283190,1508284990
1498575513,1498577313
1506429986,1506431786
1502002844,1502004644
1506544570,1506546370
1502315110,1502316910
1506750173,1506751973
1507031299,1507033099
1506965949,1506967749
1508324336,1508326136
1501649046,1501650846
1501785938,1501787738
1498091200,1498093000
1498519169,1498520969
1497894823,1497896623
1506251466,1506253266
1505100461,1505102261
1507509721,1507511521
1505179250,1505181050
1504730865,1504732665
1508058242,1508060042
1498436191,1498437991
1504850616,1504852416
1502074188,1502075988
1498264876,1498266676
1510190841,1510192641
1504783554,1504785354
1503929523,1503931323
1503858135,1503859935
1505027470,1505029270
1498670876,1498672676
1503989640,1503991440
1507477720,1507479520
1500080368,1500082168
1500394072,1500395872
1504075663,1504077463
1503238246,1503240046
1506495822,1506497622
1509078995,1509080795
1503006146,1503007946
1507328050,1507329850
1504941640,1504943440
1504409438,1504411238
1497727255,1497729055
1509222496,1509224296
1504662979,1504664779
1509394861,1509396661
1507292966,1507294766
1503321145,1503322945
1498716319,1498718119
1509362847,1509364647
1498224856,1498226656
1503141070,1503142870
1500207824,1500209624
1504478633,1504480433
1502907605,1502909405
1502874595,1502876395
1504236731,1504238531
1498768146,1498769946
1509423947,1509425747
1506901215,1506903015
1505254769,1505256569
1500723582,1500725382
1497675586,1497677386
1500353506,1500355306
1502838382,1502840182
1504349175,1504350975
1507361687,1507363487
1503490978,1503492778
1504602944,1504604744
1503444045,1503445845
1504637146,1504638946
1497641310,1497643110
1506221748,1506223548
1506922355,1506924155
1508755759,1508757559
1501520516,1501522316
1504181837,1504183637
1504291084,1504292884
1502746616,1502748416
1500169174,1500170974
1504322880,1504324680
1506879937,1506881737
1503183567,1503185367
1504546924,1504548724
1502712560,1502714360
1504576084,1504577884
1502984179,1502985979
1505233327,1505235127
1500861199,1500862999
1502211563,1502213363
1503755744,1503757544
1497789619,1497791419
1498644507,1498646307
1503826254,1503828054
1498333102,1498334902
1504833506,1504835306
1503060017,1503061817
1507087001,1507088801
1500431597,1500433397
1502947808,1502949608
1503391533,1503393333
1500449005,1500450805
1502783812,1502785612
1501762287,1501764087
1502967961,1502969761
1505008681,1505010481
1508551207,1508553007
1509146377,1509148177
1508426823,1508428623
1509560858,1509562658
1501918273,1501920073
1498188174,1498189974
1500017712,1500019512
1500508325,1500510125
1501330283,1501332083
1503915698,1503917498
1502189052,1502190852
1499829554,1499831354
1500130010,1500131810
1502674363,1502676163
1503548533,1503550333
1504226201,1504228001
1505286510,1505288310
1506192718,1506194518
1504911365,1504913165
1501309329,1501311129
1500465746,1500467546
1500525366,1500527166
1504923462,1504925262
1509463299,1509465099
1504064391,1504066191
1509049424,1509051224
1501346678,1501348478
1498351682,1498353482
1507839686,1507841486
1502501493,1502503293
1506169260,1506171060
1499763287,1499765087
1500063021,1500064821
1501285965,1501287765
1501213978,1501215778
1498751340,1498753140
1501157852,1501159652
1506103353,1506105153
1499643720,1499645520
1507825395,1507827195
1499626484,1499628284
1501205004,1501206804
