run_start, run_end
301973,301987
301952,301960
301989,301998
302021,302044
302242,302263
297094,297101
301442,301450
302274,302303
301286,301298
302160,302166
299600,299617
297052,297057
301279,301283
302231,302241
302329,302350
297024,297051
303820,303826
302112,302132
302221,302226
301159,301165
302227,302230
302318,302323
301131,301147
302324,302328
301907,301914
301931,301942
301177,301183
298995,299000
301964,301972
298851,298857
301084,301088
302157,302159
302664,302678
303816,303819
300081,300088
302016,302020
305733,305758
304882,304908
301040,301046
303775,303806
298786,298810
299027,299042
300069,300079
300009,300050
299994,299997
303709,303731
298655,298681
304838,304880
298647,298654
300003,300007
