Fill,Run,Bx
4947,273718 - 273730,1165
5205,278873 - 278887,1728
4964,274232 - 274245,1740
4965,274246 - 274251,1812
4961,274195 - 274202,1740
4958,274152 - 274161,1453
4926,273427 - 273450,877
5338,281636 - 281641,1165
5038,275653 - 275659,1884
4935,273502 - 273505,877
4915,273140 - 273164,589
4976,274280 - 274286,1812
4919,273278 - 273302,589
5005,274947 - 274960,590
5151,277979 - 277992,578
4942,273554 - 273556,1165
4930,273481 - 273495,877
4925,273414 - 273426,589
4924,273401 - 273412,589
5370,282388 - 282412,1896
5386,282652 - 282663,589
5331,281605 - 281613,157
4953,274093 - 274094,589
5332,281614 - 281616,589
5247,279474 - 279489,578
5412,283167 - 283171,99
4960,274167 - 274192,1740
4956,274139 - 274147,1165
5385,282635 - 282650,9
5330,281597 - 281604,3
4945,273574 - 273593,32
5422,283360 - 283387,4
5149,277928 - 277935,2
4937,273514 - 273537,11
4954,274096 - 274108,32
5194,278748 - 278762,2
5246,279428 - 279473,2
