Fill,Run Range,start time,end time,Bx
6919,319575 - 319579,2018-07-13 4:42:21,2018-07-14 1:00:23,2544
7056,321297 - 321313,2018-08-15 2:01:20,2018-08-16 4:37:25,2544
6912,319506 - 319530,2018-07-11 22:26:29,2018-07-12 11:52:01,2544
6675,316196 - 316202,2018-05-12 18:54:17,2018-05-13 8:33:35,2544
6909,319439 - 319472,2018-07-09 20:58:37,2018-07-11 3:02:31,2544
7061,321409 - 321415,2018-08-17 21:13:14,2018-08-18 11:24:43,2544
6677,316209 - 316219,2018-05-13 11:56:37,2018-05-14 1:26:28,2544
6714,316766 - 316766,2018-05-23 5:49:03,2018-05-23 19:47:58,2544
7321,324973 - 324980,2018-10-20 8:15:18,2018-10-20 23:13:16,2544
6681,316234 - 316241,2018-05-14 5:51:16,2018-05-14 19:52:57,2544
6774,317653 - 317663,2018-06-10 21:55:36,2018-06-11 12:02:38,2544
6674,316183 - 316187,2018-05-12 2:59:06,2018-05-12 16:54:31,2544
7320,324964 - 324970,2018-10-19 14:49:06,2018-10-20 5:57:25,2544
7270,324291 - 324293,2018-10-08 23:06:57,2018-10-09 14:05:14,2544
7105,321971 - 321975,2018-08-30 9:43:18,2018-08-30 23:16:09,2544
7065,321451 - 321461,2018-08-19 7:37:02,2018-08-19 20:37:51,2544
7314,324832 - 324847,2018-10-17 22:29:10,2018-10-18 13:29:17,2544
6770,317620 - 317626,2018-06-08 20:44:15,2018-06-09 9:48:42,2544
6772,317634 - 317641,2018-06-09 13:46:42,2018-06-10 4:04:14,2544
6953,319986 - 319993,2018-07-20 15:47:48,2018-07-21 5:15:02,2544
6749,317288 - 317297,2018-06-01 2:52:16,2018-06-01 16:32:15,2544
7221,323515 - 323526,2018-09-25 22:20:41,2018-09-26 13:13:08,2544
7108,321984 - 321990,2018-08-31 3:55:32,2018-08-31 16:21:53,2544
7124,322192 - 322222,2018-09-04 5:54:50,2018-09-04 18:20:19,2544
6751,317315 - 317320,2018-06-01 19:41:25,2018-06-02 8:30:17,2544
6662,316048 - 316062,2018-05-09 20:46:21,2018-05-10 10:33:05,2544
7091,321822 - 321837,2018-08-27 0:09:08,2018-08-27 13:17:19,2544
7309,324737 - 324772,2018-10-16 12:55:26,2018-10-17 3:54:11,2544
7097,321906 - 321909,2018-08-28 13:39:00,2018-08-29 3:16:08,2544
7333,325087 - 325117,2018-10-22 21:17:59,2018-10-23 11:15:40,2544
7080,321724 - 321735,2018-08-23 21:10:03,2018-08-24 9:30:26,2544
7031,320907 - 320920,2018-08-06 9:11:32,2018-08-06 23:07:27,2544
6757,317388 - 317392,2018-06-04 3:20:58,2018-06-04 16:09:11,2544
7069,321475 - 321475,2018-08-20 1:29:38,2018-08-20 14:44:22,2544
6648,315777 - 315790,2018-05-06 11:05:58,2018-05-07 0:13:12,2544
7087,321772 - 321781,2018-08-25 12:10:51,2018-08-26 1:02:56,2544
7052,321218 - 321221,2018-08-13 12:12:40,2018-08-14 0:28:57,2544
6700,316562 - 316569,2018-05-19 2:14:04,2018-05-19 14:45:31,2544
7058,321375 - 321397,2018-08-17 5:07:19,2018-08-17 18:30:11,2544
7123,322152 - 322179,2018-09-03 16:39:01,2018-09-04 3:58:29,2544
6729,316943 - 316944,2018-05-26 14:24:30,2018-05-27 2:06:20,2544
6759,317428 - 317438,2018-06-04 22:47:35,2018-06-05 11:33:18,2544
7127,322302 - 322324,2018-09-05 12:00:34,2018-09-06 0:12:42,2544
7090,321813 - 321820,2018-08-26 9:14:38,2018-08-26 21:51:42,2544
7137,322422 - 322431,2018-09-08 1:18:17,2018-09-08 14:22:59,2544
6931,319752 - 319756,2018-07-16 15:38:02,2018-07-17 4:08:32,2544
6638,315623 - 315648,2018-05-02 21:30:32,2018-05-03 11:51:11,2162
7264,324194 - 324209,2018-10-06 23:57:10,2018-10-07 16:27:28,2544
7042,321085 - 321126,2018-08-10 15:11:43,2018-08-11 4:17:29,2544
7110,322016 - 322022,2018-08-31 21:01:43,2018-09-01 8:30:43,2544
6666,316101 - 316114,2018-05-10 21:13:15,2018-05-11 10:22:38,2544
6773,317642 - 317650,2018-06-10 6:26:57,2018-06-10 19:39:23,2544
6738,317083 - 317089,2018-05-28 23:13:17,2018-05-29 11:18:46,2544
7039,321050 - 321055,2018-08-09 3:16:49,2018-08-09 15:32:23,2544
7252,323940 - 323954,2018-10-03 1:11:50,2018-10-03 11:36:44,2544
6639,315652 - 315690,2018-05-03 14:57:33,2018-05-04 2:49:49,2306
7045,321146 - 321149,2018-08-11 22:24:56,2018-08-12 9:29:59,2544
7063,321427 - 321436,2018-08-18 13:50:33,2018-08-19 0:56:46,2544
6712,316740 - 316758,2018-05-22 16:41:51,2018-05-23 3:07:36,2544
6711,316704 - 316723,2018-05-22 1:09:41,2018-05-22 14:25:10,2544
7328,325020 - 325022,2018-10-21 21:09:41,2018-10-22 7:15:37,2544
7018,320810 - 320824,2018-08-03 23:56:39,2018-08-04 13:48:46,2541
6763,317520 - 317527,2018-06-06 22:51:03,2018-06-07 8:14:42,2544
7310,324775 - 324791,2018-10-17 6:15:19,2018-10-17 17:59:53,2544
7125,322233 - 322252,2018-09-04 20:28:24,2018-09-05 6:29:46,2544
6942,319896 - 319915,2018-07-19 2:38:18,2018-07-19 13:19:18,2544
7083,321753 - 321760,2018-08-24 13:48:00,2018-08-25 1:17:14,2544
7218,323477 - 323495,2018-09-25 3:27:18,2018-09-25 14:10:31,2544
7037,320998 - 321012,2018-08-08 1:46:40,2018-08-08 15:16:46,2544
7266,324239 - 324245,2018-10-08 1:30:00,2018-10-08 12:15:58,2544
7131,322343 - 322348,2018-09-06 13:42:18,2018-09-06 23:13:33,2544
7234,323688 - 323702,2018-09-29 1:46:26,2018-09-29 14:13:09,2544
7024,320853 - 320859,2018-08-05 6:47:10,2018-08-05 18:17:47,2544
7334,325139 - 325175,2018-10-23 14:36:55,2018-10-24 4:01:32,2544
7017,320799 - 320809,2018-08-03 7:26:54,2018-08-03 20:32:59,2546
7259,324076 - 324078,2018-10-04 22:19:53,2018-10-05 8:15:21,2544
7315,324852 - 324878,2018-10-18 16:06:07,2018-10-19 3:25:11,2544
7139,322477 - 322492,2018-09-08 17:32:08,2018-09-09 6:03:06,2544
6709,316657 - 316667,2018-05-20 19:59:06,2018-05-21 5:32:27,2544
6956,320000 - 320012,2018-07-21 8:16:42,2018-07-21 19:17:10,2544
7145,322619 - 322633,2018-09-10 3:30:57,2018-09-10 12:29:58,2544
6761,317464 - 317488,2018-06-05 18:12:50,2018-06-06 4:57:05,2544
6741,317172 - 317182,2018-05-30 9:14:32,2018-05-30 18:13:10,2544
6923,319636 - 319645,2018-07-14 18:51:07,2018-07-15 4:26:53,2544
6696,316499 - 316505,2018-05-18 0:23:09,2018-05-18 9:00:10,2544
6960,320035 - 320040,2018-07-22 7:07:46,2018-07-22 16:15:37,2544
7236,323718 - 323727,2018-09-29 18:37:40,2018-09-30 3:36:33,2544
7256,324020 - 324022,2018-10-04 1:47:33,2018-10-04 10:44:28,2544
6961,320041 - 320065,2018-07-22 18:31:27,2018-07-23 4:09:26,2544
6694,316458 - 316472,2018-05-17 7:47:29,2018-05-17 17:17:49,2162
6860,318865 - 318877,2018-06-28 15:49:40,2018-06-29 0:50:51,2448
7040,321058 - 321069,2018-08-09 18:20:41,2018-08-10 4:56:03,2544
7324,324993 - 325001,2018-10-21 4:30:35,2018-10-21 14:22:52,2544
6629,315492 - 315512,2018-05-01 10:07:32,2018-05-01 20:43:08,1874
7144,322550 - 322617,2018-09-09 15:57:47,2018-09-10 1:06:23,2544
7055,321263 - 321296,2018-08-14 15:04:44,2018-08-14 23:22:00,2544
6719,316869 - 316879,2018-05-24 23:16:03,2018-05-25 7:18:31,2544
6710,316668 - 316702,2018-05-21 11:44:24,2018-05-21 19:52:20,2544
6641,315706 - 315713,2018-05-04 19:34:10,2018-05-05 2:38:46,2448
6654,315839 - 315840,2018-05-07 21:18:17,2018-05-08 4:38:27,2544
7033,320933 - 320941,2018-08-07 3:28:26,2018-08-07 13:18:10,2544
6762,317489 - 317513,2018-06-06 10:23:19,2018-06-06 18:18:41,2544
6628,315487 - 315490,2018-04-30 19:07:27,2018-05-01 7:08:50,1538
7118,322071 - 322088,2018-09-02 11:23:02,2018-09-02 18:06:54,2544
7217,323467 - 323476,2018-09-24 13:46:39,2018-09-24 22:32:56,2544
6693,316445 - 316457,2018-05-16 19:15:17,2018-05-17 5:05:52,1874
7047,321155 - 321169,2018-08-12 14:32:32,2018-08-12 21:49:42,2544
7240,323758 - 323778,2018-09-30 19:48:11,2018-10-01 2:44:36,2544
7128,322326 - 322333,2018-09-06 2:11:01,2018-09-06 8:48:05,2544
7122,322110 - 322118,2018-09-03 6:36:04,2018-09-03 13:00:23,2544
6640,315693 - 315705,2018-05-04 8:07:20,2018-05-04 17:16:34,2448
6940,319842 - 319854,2018-07-18 4:01:20,2018-07-18 11:15:06,2544
6650,315796 - 315802,2018-05-07 6:54:06,2018-05-07 13:11:02,2544
7239,323754 - 323755,2018-09-30 11:16:33,2018-09-30 17:22:18,2544
7242,323786 - 323794,2018-10-01 7:33:51,2018-10-01 13:55:58,2544
6659,315962 - 315974,2018-05-08 23:32:14,2018-05-09 5:47:50,2544
6957,320014 - 320026,2018-07-21 21:31:55,2018-07-22 4:09:11,2544
7253,323955 - 323997,2018-10-03 14:00:22,2018-10-03 20:44:15,2544
7120,322101 - 322109,2018-09-02 21:39:31,2018-09-03 3:02:29,2544
7095,321887 - 321892,2018-08-28 1:02:52,2018-08-28 6:51:57,2544
7053,321222 - 321246,2018-08-14 3:32:38,2018-08-14 9:30:37,2544
7043,321127 - 321140,2018-08-11 8:38:40,2018-08-11 19:35:23,2544
7020,320838 - 320841,2018-08-04 17:30:13,2018-08-04 23:45:50,2544
7132,322349 - 322356,2018-09-07 1:04:30,2018-09-07 6:48:04,2544
7098,321911 - 321919,2018-08-29 5:23:16,2018-08-29 10:41:29,2544
6733,316991 - 316995,2018-05-28 3:31:51,2018-05-28 9:08:51,2544
6624,315419 - 315420,2018-04-29 23:52:54,2018-04-30 11:04:49,1214
7245,323841 - 323857,2018-10-01 23:30:46,2018-10-02 4:56:45,2544
6904,319344 - 319351,2018-07-08 19:52:09,2018-07-09 1:21:13,2448
6672,316145 - 316153,2018-05-11 16:54:26,2018-05-11 22:02:43,2544
6621,315358 - 315366,2018-04-29 3:16:59,2018-04-29 13:36:14,1214
7117,322067 - 322068,2018-09-02 2:39:39,2018-09-02 7:03:01,2544
7274,324414 - 324420,2018-10-10 23:34:01,2018-10-11 4:30:50,2544
6901,319337 - 319337,2018-07-08 2:04:48,2018-07-08 16:20:13,974
6778,317688 - 317697,2018-06-11 23:59:36,2018-06-12 4:14:51,2544
6752,317322 - 317340,2018-06-02 10:47:14,2018-06-02 15:00:28,2544
6924,319647 - 319659,2018-07-15 7:22:58,2018-07-15 12:24:16,2544
6642,315714 - 315721,2018-05-05 5:07:08,2018-05-05 8:59:17,2448
7048,321171 - 321181,2018-08-13 3:39:08,2018-08-13 7:26:12,2544
6690,316371 - 316380,2018-05-16 1:54:58,2018-05-16 10:44:21,1214
6702,316588 - 316590,2018-05-19 20:54:27,2018-05-20 0:13:50,2544
7133,322357 - 322381,2018-09-07 11:09:08,2018-09-07 14:37:38,2544
6617,315274 - 315322,2018-04-27 14:40:39,2018-04-27 23:21:21,974
7135,322406 - 322407,2018-09-07 17:46:00,2018-09-07 21:18:46,2544
7271,324295 - 324332,2018-10-09 16:17:58,2018-10-09 20:04:33,2544
6744,317209 - 317215,2018-05-31 2:41:18,2018-05-31 6:05:55,2544
6731,316979 - 316985,2018-05-27 20:03:16,2018-05-27 23:07:27,2544
6616,315260 - 315273,2018-04-27 2:44:14,2018-04-27 11:18:38,974
6620,315353 - 315357,2018-04-28 19:31:27,2018-04-29 0:38:51,1214
7006,320676 - 320688,2018-08-01 15:23:09,2018-08-01 19:16:57,2400
7092,321839 - 321881,2018-08-27 17:56:29,2018-08-27 20:53:05,2544
7101,321952 - 321961,2018-08-29 21:25:40,2018-08-30 0:00:41,2544
7026,320875 - 320888,2018-08-05 22:37:41,2018-08-06 1:15:47,2544
6663,316064 - 316082,2018-05-10 12:44:50,2018-05-10 15:10:21,2544
7331,325055 - 325057,2018-10-22 14:06:23,2018-10-22 16:20:33,2544
6646,315765 - 315770,2018-05-06 2:19:17,2018-05-06 4:14:41,2544
6911,319482 - 319503,2018-07-11 9:09:33,2018-07-11 19:34:06,2544
6776,317682 - 317683,2018-06-11 16:17:14,2018-06-11 18:23:09,2544
7013,320746 - 320757,2018-08-02 14:36:44,2018-08-02 16:47:16,2544
6636,315547 - 315557,2018-05-02 9:41:43,2018-05-02 12:18:54,1874
6645,315753 - 315764,2018-05-05 15:47:19,2018-05-05 17:34:38,2544
7078,321709 - 321712,2018-08-23 13:17:51,2018-08-23 15:24:42,2544
6768,317589 - 317595,2018-06-08 7:06:43,2018-06-08 9:01:38,2544
6944,319934 - 319942,2018-07-19 19:58:39,2018-07-19 22:01:17,2544
7099,321928 - 321937,2018-08-29 14:08:08,2018-08-29 15:59:34,2544
7005,320666 - 320675,2018-08-01 2:31:57,2018-08-01 12:15:03,612
6929,319693 - 319698,2018-07-16 2:16:19,2018-07-16 7:16:38,974
6618,315331 - 315339,2018-04-28 3:05:12,2018-04-28 7:08:43,974
6925,319661 - 319678,2018-07-15 15:19:04,2018-07-15 17:01:08,2544
6688,316353 - 316363,2018-05-15 17:13:32,2018-05-15 21:51:59,974
6706,316610 - 316615,2018-05-20 7:51:04,2018-05-20 11:26:27,974
7213,323400 - 323423,2018-09-24 1:47:40,2018-09-24 6:29:17,1214
7265,324211 - 324237,2018-10-07 21:29:04,2018-10-07 22:49:17,2544
7036,320983 - 320996,2018-08-07 19:28:01,2018-08-07 23:12:10,974
6939,319835 - 319841,2018-07-17 22:26:55,2018-07-18 1:52:20,974
6921,319620 - 319625,2018-07-14 14:04:36,2018-07-14 15:20:00,2544
6854,318806 - 318821,2018-06-27 20:56:48,2018-06-28 0:14:37,1214
7008,320705 - 320712,2018-08-02 2:43:57,2018-08-02 4:04:19,2544
7088,321782 - 321796,2018-08-26 3:25:54,2018-08-26 4:44:22,2544
6747,317265 - 317279,2018-05-31 17:10:05,2018-05-31 20:13:58,974
6946,319948 - 319950,2018-07-20 2:44:37,2018-07-20 3:50:47,2544
6615,315193 - 315259,2018-04-26 17:54:05,2018-04-26 23:04:52,590
7212,323381 - 323399,2018-09-23 18:22:44,2018-09-23 23:52:25,590
7317,324895 - 324897,2018-10-19 6:40:07,2018-10-19 7:35:50,2544
6755,317375 - 317383,2018-06-03 16:33:10,2018-06-03 17:28:14,2544
6724,316917 - 316928,2018-05-25 17:29:05,2018-05-25 18:28:32,2544
6850,318706 - 318735,2018-06-26 19:13:37,2018-06-26 23:04:26,590
7035,320971 - 320980,2018-08-07 15:51:29,2018-08-07 16:31:17,2544
6633,315542 - 315543,2018-05-02 4:08:50,2018-05-02 4:55:21,1874
7308,324717 - 324729,2018-10-16 8:23:33,2018-10-16 10:48:24,590
6683,316271 - 316271,2018-05-15 0:22:48,2018-05-15 0:57:42,2544
6643,315732 - 315741,2018-05-05 11:56:48,2018-05-05 12:21:01,2544
6927,319682 - 319687,2018-07-15 22:26:45,2018-07-15 22:45:56,2544
6874,319075 - 319078,2018-07-01 23:26:34,2018-07-01 23:43:41,2448
7112,322037 - 322040,2018-09-01 11:07:57,2018-09-01 11:24:23,2544
6858,318827 - 318828,2018-06-28 6:29:18,2018-06-28 6:57:54,1214
6847,318649 - 318675,2018-06-26 6:55:49,2018-06-26 11:53:19,140
7114,322054 - 322058,2018-09-01 20:27:30,2018-09-01 20:37:02,2544
7109,322010 - 322014,2018-08-31 18:43:41,2018-08-31 18:59:02,2544
6737,317064 - 317080,2018-05-28 20:39:33,2018-05-28 20:50:51,2544
7054,321249 - 321262,2018-08-14 12:40:20,2018-08-14 12:51:56,2544
7142,322505 - 322512,2018-09-09 8:31:35,2018-09-09 8:36:13,2544
7211,323359 - 323380,2018-09-23 11:49:56,2018-09-23 15:51:20,62
6890,319250 - 319274,2018-07-05 12:09:03,2018-07-06 11:01:18,1450
6892,319303 - 319311,2018-07-07 0:42:03,2018-07-07 12:02:21,1450
6891,319276 - 319302,2018-07-06 14:23:22,2018-07-06 21:50:19,1450
6882,319162 - 319177,2018-07-03 15:54:14,2018-07-04 6:54:16,732
6699,316553 - 316559,2018-05-18 20:34:28,2018-05-18 23:42:28,10
6881,319150 - 319160,2018-07-03 5:08:14,2018-07-03 11:28:51,732
6868,318976 - 319021,2018-06-30 9:52:45,2018-07-01 7:46:24,124
7220,323513 - 323514,2018-09-25 18:20:05,2018-09-25 19:55:11,9
6885,319212 - 319225,2018-07-04 20:13:20,2018-07-04 22:20:23,732
6864,318916 - 318954,2018-06-29 17:07:32,2018-06-30 3:00:11,58
7003,320563 - 320660,2018-07-31 2:21:31,2018-07-31 7:10:01,2
7304,324611 - 324612,2018-10-15 1:13:21,2018-10-15 1:25:53,62
6884,319184 - 319207,2018-07-04 10:20:43,2018-07-04 12:34:58,300
6879,319117 - 319125,2018-07-02 14:47:30,2018-07-02 17:30:55,300
6843,318622 - 318632,2018-06-25 19:25:42,2018-06-25 20:55:18,2
6913,319532 - 319559,2018-07-12 16:39:23,2018-07-12 18:59:53,9
6998,320489 - 320500,2018-07-30 8:27:50,2018-07-30 10:48:48,1
6877,319085 - 319104,2018-07-02 8:10:30,2018-07-02 10:36:23,84
7299,324564 - 324564,2018-10-14 0:52:40,2018-10-14 5:55:33,150
7300,324565 - 324572,2018-10-14 7:43:23,2018-10-14 11:13:36,150
6692,316430 - 316442,2018-05-16 16:47:58,2018-05-16 16:57:22,1538
6966,320137 - 320137,2018-07-23 22:37:25,2018-07-24 0:21:27,12
6819,317958 - 318257,2018-06-18 13:31:23,2018-06-18 13:38:15,null
7188,,2018-09-16 8:40:42,2018-09-16 13:09:10,3
6740,317160 - 317170,2018-05-30 6:33:22,2018-05-30 6:33:25,2544
