start time,half hour end
2016-06-26 15:39:04,2016-06-26 16:09:04
2016-07-19 17:50:58,2016-07-19 18:20:58
2016-10-14 18:38:48,2016-10-14 19:08:48
2016-07-14 03:22:57,2016-07-14 03:52:57
2016-07-07 11:19:49,2016-07-07 11:49:49
2016-07-16 11:01:04,2016-07-16 11:31:04
2016-07-12 21:25:15,2016-07-12 21:55:15
2016-09-04 00:22:31,2016-09-04 00:52:31
2016-08-29 20:20:30,2016-08-29 20:50:30
2016-09-08 08:22:12,2016-09-08 08:52:12
2016-06-20 01:58:30,2016-06-20 02:28:30
2016-07-15 07:46:46,2016-07-15 08:16:46
2016-07-02 11:19:21,2016-07-02 11:49:21
2016-07-06 02:57:57,2016-07-06 03:27:57
2016-10-17 21:53:00,2016-10-17 22:23:00
2016-07-10 12:23:26,2016-07-10 12:53:26
2016-07-21 04:00:01,2016-07-21 04:30:01
2016-07-08 14:13:52,2016-07-08 14:43:52
2016-08-14 10:59:38,2016-08-14 11:29:38
2016-10-09 12:40:51,2016-10-09 13:10:51
2016-06-25 03:43:57,2016-06-25 04:13:57
2016-09-02 11:36:36,2016-09-02 12:06:36
2016-07-18 08:12:38,2016-07-18 08:42:38
2016-09-27 09:46:36,2016-09-27 10:16:36
2016-06-13 04:18:11,2016-06-13 04:48:11
2016-07-04 21:19:09,2016-07-04 21:49:09
2016-09-26 14:40:25,2016-09-26 15:10:25
2016-10-10 14:11:53,2016-10-10 14:41:53
2016-07-23 18:13:33,2016-07-23 18:43:33
2016-10-16 19:54:22,2016-10-16 20:24:22
2016-09-06 15:13:40,2016-09-06 15:43:40
2016-10-23 03:37:50,2016-10-23 04:07:50
2016-08-28 03:40:19,2016-08-28 04:10:19
2016-08-06 12:59:31,2016-08-06 13:29:31
2016-08-13 14:42:34,2016-08-13 15:12:34
2016-08-17 07:15:44,2016-08-17 07:45:44
2016-06-11 22:22:19,2016-06-11 22:52:19
2016-10-23 23:43:10,2016-10-24 00:13:10
2016-10-21 20:31:47,2016-10-21 21:01:47
2016-09-28 12:03:52,2016-09-28 12:33:52
2016-09-30 03:18:55,2016-09-30 03:48:55
2016-10-02 13:48:44,2016-10-02 14:18:44
2016-08-28 22:00:43,2016-08-28 22:30:43
2016-08-26 14:04:04,2016-08-26 14:34:04
2016-07-22 18:09:27,2016-07-22 18:39:27
2016-06-17 13:47:14,2016-06-17 14:17:14
2016-08-31 15:22:14,2016-08-31 15:52:14
2016-09-09 08:40:06,2016-09-09 09:10:06
2016-06-14 16:48:45,2016-06-14 17:18:45
2016-10-25 07:29:50,2016-10-25 07:59:50
2016-07-09 16:31:16,2016-07-09 17:01:16
2016-09-30 21:29:30,2016-09-30 21:59:30
2016-10-15 21:40:16,2016-10-15 22:10:16
2016-10-26 08:55:30,2016-10-26 09:25:30
2016-08-01 23:25:40,2016-08-01 23:55:40
2016-07-03 18:14:07,2016-07-03 18:44:07
2016-06-04 20:15:47,2016-06-04 20:45:47
2016-08-04 23:22:09,2016-08-04 23:52:09
2016-08-08 00:12:20,2016-08-08 00:42:20
2016-06-29 01:48:43,2016-06-29 02:18:43
2016-08-03 18:37:50,2016-08-03 19:07:50
2016-10-24 18:31:22,2016-10-24 19:01:22
2016-06-02 09:09:34,2016-06-02 09:39:34
2016-08-08 17:14:53,2016-08-08 17:44:53
2016-06-03 19:09:20,2016-06-03 19:39:20
2016-07-12 00:11:36,2016-07-12 00:41:36
2016-09-05 20:23:18,2016-09-05 20:53:18
2016-08-09 18:28:08,2016-08-09 18:58:08
2016-10-22 17:09:42,2016-10-22 17:39:42
2016-05-20 02:36:15,2016-05-20 03:06:15
2016-09-03 14:44:15,2016-09-03 15:14:15
2016-06-28 08:38:19,2016-06-28 09:08:19
2016-08-25 21:03:06,2016-08-25 21:33:06
2016-06-01 15:01:57,2016-06-01 15:31:57
2016-08-30 23:40:06,2016-08-31 00:10:06
2016-10-19 04:12:20,2016-10-19 04:42:20
2016-06-05 19:31:37,2016-06-05 20:01:37
2016-10-13 05:04:24,2016-10-13 05:34:24
2016-08-27 09:07:25,2016-08-27 09:37:25
2016-08-15 23:24:49,2016-08-15 23:54:49
2016-09-01 07:20:21,2016-09-01 07:50:21
2016-06-15 17:49:20,2016-06-15 18:19:20
2016-05-30 13:58:15,2016-05-30 14:28:15
2016-10-12 01:26:15,2016-10-12 01:56:15
2016-06-18 18:55:07,2016-06-18 19:25:07
2016-08-20 22:07:08,2016-08-20 22:37:08
2016-10-19 22:57:10,2016-10-19 23:27:10
2016-07-17 23:38:55,2016-07-18 00:08:55
2016-08-13 06:37:56,2016-08-13 07:07:56
2016-06-17 00:04:33,2016-06-17 00:34:33
2016-07-25 01:22:22,2016-07-25 01:52:22
2016-07-04 11:17:58,2016-07-04 11:47:58
2016-10-12 21:28:03,2016-10-12 21:58:03
2016-05-31 05:54:08,2016-05-31 06:24:08
2016-08-07 10:55:44,2016-08-07 11:25:44
2016-06-19 16:18:38,2016-06-19 16:48:38
2016-05-29 19:59:31,2016-05-29 20:29:31
2016-07-22 10:30:07,2016-07-22 11:00:07
2016-10-21 01:11:34,2016-10-21 01:41:34
2016-10-18 19:06:39,2016-10-18 19:36:39
2016-08-17 01:07:31,2016-08-17 01:37:31
2016-10-26 01:52:23,2016-10-26 02:22:23
2016-07-02 03:57:50,2016-07-02 04:27:50
2016-07-01 02:13:31,2016-07-01 02:43:31
2016-06-19 08:17:22,2016-06-19 08:47:22
2016-08-16 12:15:36,2016-08-16 12:45:36
2016-07-24 14:02:26,2016-07-24 14:32:26
2016-05-28 11:49:08,2016-05-28 12:19:08
2016-08-18 22:30:44,2016-08-18 23:00:44
2016-05-14 20:02:58,2016-05-14 20:32:58
2016-09-03 09:19:38,2016-09-03 09:49:38
2016-08-31 09:59:37,2016-08-31 10:29:37
2016-09-26 07:32:12,2016-09-26 08:02:12
2016-08-27 21:55:45,2016-08-27 22:25:45
2016-06-24 03:24:32,2016-06-24 03:54:32
2016-09-01 23:20:01,2016-09-01 23:50:01
2016-05-16 19:58:49,2016-05-16 20:28:49
2016-07-25 19:43:24,2016-07-25 20:13:24
2016-05-11 20:22:51,2016-05-11 20:52:51
2016-06-01 03:22:04,2016-06-01 03:52:04
2016-05-12 20:16:05,2016-05-12 20:46:05
2016-06-11 09:39:53,2016-06-11 10:09:53
2016-08-01 11:52:01,2016-08-01 12:22:01
2016-05-18 05:29:43,2016-05-18 05:59:43
2016-08-16 21:30:24,2016-08-16 22:00:24
2016-08-04 12:30:40,2016-08-04 13:00:40
2016-08-18 04:02:10,2016-08-18 04:32:10
2016-07-23 13:36:57,2016-07-23 14:06:57
2016-05-16 09:06:36,2016-05-16 09:36:36
2016-05-14 11:16:49,2016-05-14 11:46:49
2016-05-14 01:48:15,2016-05-14 02:18:15
2016-08-19 15:38:59,2016-08-19 16:08:59
2016-10-06 11:31:26,2016-10-06 12:01:26
2016-08-05 17:36:28,2016-08-05 18:06:28
2016-10-11 10:05:53,2016-10-11 10:35:53
2016-10-09 08:35:01,2016-10-09 09:05:01
2016-06-30 01:01:51,2016-06-30 01:31:51
2016-08-05 21:10:12,2016-08-05 21:40:12
2016-08-19 22:41:56,2016-08-19 23:11:56
2016-10-08 16:48:15,2016-10-08 17:18:15
2016-09-25 06:02:27,2016-09-25 06:32:27
2016-05-27 02:18:46,2016-05-27 02:48:46
2016-09-25 14:14:46,2016-09-25 14:44:46
2016-06-03 15:36:42,2016-06-03 16:06:42
2016-08-25 04:32:16,2016-08-25 05:02:16
2016-10-14 08:34:58,2016-10-14 09:04:58
2016-05-29 00:44:23,2016-05-29 01:14:23
2016-05-27 22:02:34,2016-05-27 22:32:34
2016-10-19 01:08:43,2016-10-19 01:38:43
2016-06-30 16:58:43,2016-06-30 17:28:43
2016-10-08 12:37:54,2016-10-08 13:07:54
2016-08-13 03:51:50,2016-08-13 04:21:50
2016-09-25 01:04:32,2016-09-25 01:34:32
2016-05-18 16:22:59,2016-05-18 16:52:59
2016-10-17 14:26:37,2016-10-17 14:56:37
2016-08-01 02:58:57,2016-08-01 03:28:57
2016-05-17 12:10:35,2016-05-17 12:40:35
2016-05-27 07:48:24,2016-05-27 08:18:24
2016-08-12 22:38:31,2016-08-12 23:08:31
2016-08-25 00:11:16,2016-08-25 00:41:16
2016-07-22 01:35:39,2016-07-22 02:05:39
